Known via,Business Name,Contact Name,Email Address,Phone Number,Website URL,Facebook Page URL,Business Category,Notes
,Provident at Ocean Pointe Suites,,,(305) 853-3000,https://www.opsuites.com,,Places to Stay: Moderate Lodging,
,Ragged Edge Resort & Marina,,,(305) 852-5389,https://www.ragged-edge.com,,Places to Stay: Moderate Lodging,
,Sunset Inn Motel,,,(305) 664-3454,https://www.sunsetinnkeys.com,,Places to Stay: Moderate Lodging,
,Three Waters Resort,,,(855) 666-8073,https://www.islamoradaresortcollection.com,,Places to Stay: Moderate Lodging,
,Topsider Resort,,,(305) 664-8031,https://www.topsiderresort.com,,Places to Stay: Moderate Lodging,
,White Gate Court,,,(305) 664-4136,https://www.whitegatecourt.com,,Places to Stay: Moderate Lodging,
,Wicker Guest House,,,(305) 296-4275,https://www.keywesthospitalityinns.com,,Places to Stay: Moderate Lodging,
,Blue Fin Inn,,,(305) 664-4572,https://www.keylantern.com,,Places to Stay: Economy Lodging,
,Coconut Cove Resort & Marina,,,(305) 664-0123,https://www.coconutcove.net,,Places to Stay: Economy Lodging,
,Edgewater Lodge,,,(305) 664-2662,https://www.edgewaterlodge.com,,Places to Stay: Economy Lodging,
,Key Lantern Motel,,,(305) 664-4572,https://www.keylantern.com,,Places to Stay: Economy Lodging,
,Matecumbe Resort,,,(305) 664-8801,https://www.matecumberesort.net,,Places to Stay: Economy Lodging,
,Angler's Reef 140,,,(609) 290-1694,https://www.anglersreef140rental.com,,Places to Stay: Vacation Rentals,
,Bay Harbour,,,(305) 989-8980,https://www.keysoceanviews.com,,Places to Stay: Vacation Rentals,
,Beach House at Tarpon Point,,,(609) 713-8964,https://www.thebeachhouseattarponpoint.com,,Places to Stay: Vacation Rentals,
,Bennett's Beach Estate,,,(305) 394-3031,https://www.BennettsBeachEstate.com,,Places to Stay: Vacation Rentals,
,Coastal Vacation Rentals of the Florida Keys,,,(305) 664-0077,https://www.coastalvacationrentalsofthefloridakeys.com,,Places to Stay: Vacation Rentals,
,Flakey's B&B,,,(305) 664-9722,https://www.floridakeysbrewingco.com,,Places to Stay: Vacation Rentals,
,Florida Keys Luxury Rentals,,,(305) 852-4321,https://www.myfklr.com,,Places to Stay: Vacation Rentals,
,Florida Keys Rental Store,,,(305) 451-3879,https://www.floridakeysrentalstore.com,,Places to Stay: Vacation Rentals,
,Freewheeler Vacations,,,(305) 664-2075,https://www.freewheelervacations.com,,Places to Stay: Vacation Rentals,
,Irish Ayes Luxury Home Vacation Rental,,,(703) 979-7000,https://www.flkeysluxuryhome.com,,Places to Stay: Vacation Rentals,
,Island Villa Rental Properties,,,(305) 664-3333,https://www.islandvilla.com,,Places to Stay: Vacation Rentals,
,Islamorada Vacation Rentals,,,(919) 809-2964,https://www.IslamoradaVacationRentals.com,,Places to Stay: Vacation Rentals,
,Key West Timeshare Rentals,,,(877) 815-4227,https://www.sellmytimesharenow.com,,Places to Stay: Vacation Rentals,
,Keys Holiday Rentals,,,(305) 664-8808,https://www.keysholidayrentals.com,,Places to Stay: Vacation Rentals,
,Mermaid's Bay Boutique Estate,,,(814) 335-7672,https://www.mermaidsbay.com,,Places to Stay: Vacation Rentals,
,Nest Villa at Holiday House,,,(954) 471-6248,https://www.upperkeysrentals.com,,Places to Stay: Vacation Rentals,
,Oasis Beach House,,,(770) 912-0063,https://www.islamorada.wedding,,Places to Stay: Vacation Rentals,
,Oasis Vacation Rentals,,,(772) 485-2353,https://www.oasisfloridakeys.com,,Places to Stay: Vacation Rentals,
,Osprey Bay Villa,,,(305) 393-2995,https://www.ospreybayvilla.com,,Places to Stay: Vacation Rentals,
,Star Properties Destinations,,,(305) 680-9852,https://www.starpropertiesdestinations.com,,Places to Stay: Vacation Rentals,
,Sun Outdoors Islamorada,,,(786) 841-0030,https://www.soislamorada.com,,Places to Stay: Vacation Rentals,
,Upper Keys Rentals,,,(305) 850-9350,https://www.upperkeysrentals.com,,Places to Stay: Vacation Rentals,
,KeySteam,,,(229) 516-0398,https://www.keysteamllc.com,,Weddings: Bridal Attire & Care,
,Seafoam Laundry,,,(305) 414-8376,,,Weddings: Bridal Attire & Care,
,Caribbean Catering and Rentals,,,(305) 664-0004,https://www.islamoradaweddings.com,,"Weddings: Cakes, Catering & Food Trucks",
,Craig's Island Time Catering,,,(305) 394-4228,https://tinyurl.com/muhnwr22,,"Weddings: Cakes, Catering & Food Trucks",
,Healthy D'Lites,,,(305) 896-2039,https://www.healthydlites305.com,,"Weddings: Cakes, Catering & Food Trucks",
,Island Queen Charcuterie Art,,,(586) 909-4553,https://justinasfoodart.com,,"Weddings: Cakes, Catering & Food Trucks",
,Unique D'Lites Custom Cakes,,,(305) 303-0829,https://www.uniquedlites.com,,"Weddings: Cakes, Catering & Food Trucks",
,Floral Fantasy Weddings,,,(305) 664-1063,https://www.floralfantasyweddings.com,,Weddings: Florists & Party Favors,
,Florida Keys Event Custom Creations,,,(786) 255-2012,https://www.fkecc.com,,Weddings: Florists & Party Favors,
,Islamorada Shell Designs,,,(305) 209-5284,https://www.islamoradashelldesigns.com,,Weddings: Florists & Party Favors,
,Island Blooms,,,(305) 304-3504,https://www.islandblooms.com,,Weddings: Florists & Party Favors,
,Maria's Club Roses,,,(305) 509-1106,https://www.mariaclubroses.weebly.com,,Weddings: Florists & Party Favors,
,Bluewater Community Church,,,(305) 853-1004,https://www.bluewaterinthekeys.com,,Weddings: Florists & Party Favors,
,Coral Isles Church,,,(305) 852-5813,https://www.coralisleschurch.org,,Weddings: Florists & Party Favors,
,Florida Keys Elks Lodge #1872,,,(305) 852-1872,https://www.elks.org,,Weddings: Florists & Party Favors,
,Island Community Church,,,(305) 664-2781,https://www.islandcommunitychurch.org,,Weddings: Florists & Party Favors,
,Keys Jewish Community Center,,,(305) 852-5235,https://www.keysjewishcenter.com,,Weddings: Florists & Party Favors,
,Matecumbe Methodist Church,,,(305) 664-3661,https://www.matecumbeumc.org,,Weddings: Florists & Party Favors,
,San Pedro Catholic Church,,,(305) 852-5372,https://www.sanpedroparish.org,,Weddings: Florists & Party Favors,
,Beach Life Radio Entertainment Network,,,(305) 440-7067,https://www.beachliferadio.com,,Weddings: Music,
,Cortadito Cuban Band,,,(786) 218-6854,https://www.joseeliasmusic.com,,Weddings: Music,
,J9 Sound and Lighting,,,(305) 501-7872,https://www.weddingdjfloridakeys.com,,Weddings: Music,
,Frond + Feather Events,,,(305) 509-1326,https://www.frondandfeather.com,,Weddings: Officiants & Event Planners,
,Key Destination Weddings & Events,,,(305) 916-5571,https://www.keydestinationevents.com,,Weddings: Officiants & Event Planners | Weddings: Photographers/Videographers,
,"Barrett Printing, Apparel & Promotional Products",,,(305) 293-4501,https://www.barrettprinting.com,,Weddings: Printing,
,Keys Life Magazine,,,(305) 453-6674,https://www.keyslifemagazine.com,,Weddings: Printing,
,Origin Design & Media,,,(305) 393-7252,,,Weddings: Printing,
,Print Farm,,,(305) 710-2363,https://pf-solutions.com,,Weddings: Printing,
ILI,Vital Signs,,,(305) 451-5133,https://www.vitalsignskeylargo.net,https://www.facebook.com/KeyLargoVitalSigns/,Weddings: Printing,
,All Keys Port-A-Let,,,(305) 664-2226,,,Weddings: Rental Equipment,
,Coral Keys Party Rentals,,,(305) 587-1633,https://www.coralkeyspartyrentals.com,,Weddings: Rental Equipment,
,Island Restroom Suites,,,(786) 766-1067,https://www.islandrestrooms.com,,Weddings: Rental Equipment,
,Prestige Event Services,,,(786) 243-0725,https://www.prestigetents.com,,Weddings: Rental Equipment,
,Anne Harris CPA,,,(305) 393-2250,,,Area Services: Accountants & Bookkeeping,
,BAK Bookkeeping,,,(810) 229-8991,https://bakbookkeeping.com,,Area Services: Accountants & Bookkeeping,
,Gulf Breeze Bookkeeping,,,(727) 248-0488,https://thebookkeeperforyou.com,,Area Services: Accountants & Bookkeeping,
,Keys Accounting & Tax Service,,,(305) 451-3464,https://keysaccounting.com,,Area Services: Accountants & Bookkeeping,
,"Pribramsky & Company, CPAs",,,(305) 735-4325,https://pribramskycpa.com,,Area Services: Accountants & Bookkeeping,
,"Tolley & Hill, PLLC",,,(305) 852-9898,https://tolleyandhillcpa.com,,Area Services: Accountants & Bookkeeping,
,Bayside Plumbing and Maintenance,,,(305) 453-5435,https://tinyurl.com/28cvj55n,,"Area Services: Air Conditioning, Electrical & Plumbing",
,BC Enterprises/Plumbers in Paradise,,,(305) 852-0401,https://facebook.com/BCEnterprises,,"Area Services: Air Conditioning, Electrical & Plumbing",
,CDI of Monroe,,,(305) 833-7397,https://cdiofmonroe.com,,"Area Services: Air Conditioning, Electrical & Plumbing",
,Island Air Control,,,(305) 852-4042,https://islandaircontrol.com,,"Area Services: Air Conditioning, Electrical & Plumbing",
,"Ken Gentes, Electrical Contractor",,,(305) 522-6468,https://floridakeyselectric.com,,"Area Services: Air Conditioning, Electrical & Plumbing",
,Nationwide Plumbing Services,,,(305) 853-1848,https://nationwide-plumbing-service.com,,"Area Services: Air Conditioning, Electrical & Plumbing",
ILI,Rex Air,,,(305) 852-8230,https://rexairac.com,https://www.facebook.com/rexairackeepitlocal/,"Area Services: Air Conditioning, Electrical & Plumbing",
,Rocket Cooling,,,(305) 852-2960,https://www.rocketcooling.com,,"Area Services: Air Conditioning, Electrical & Plumbing",
,Windy Day Plumbing,,,(305) 664-9701,https://facebook.com/WDP.inc,,"Area Services: Air Conditioning, Electrical & Plumbing",
,Aluminum Systems,,,(305) 587-1581,https://www.allkeysgutter.com,,"Area Services: Air Conditioning, Electrical & Plumbing",
,Beach House Gardens,,,(305) 453-9377,,,"Area Services: Air Conditioning, Electrical & Plumbing",
,Buena Vista Beautification,,,(786) 908-3407,,,"Area Services: Air Conditioning, Electrical & Plumbing",
,Chavez Weed Control & Yard Services,,,(305) 522-3815,,,"Area Services: Air Conditioning, Electrical & Plumbing",
,D'Antoni Outdoor Design,,,(305) 510-4784,https://dantonioutdoordesign.com,,"Area Services: Air Conditioning, Electrical & Plumbing",
,Down South Patriot,,,(305) 393-9655,https://downsouthpatriot.com,,"Area Services: Air Conditioning, Electrical & Plumbing",
,Islamorada Brick Company,,,(305) 664-3366,https://islamoradabrick.com,,"Area Services: Air Conditioning, Electrical & Plumbing",
,K2M Design,,,(305) 292-7722,https://k2mdesign.com,,"Area Services: Air Conditioning, Electrical & Plumbing",
,Keyscape Landscape Design,,,(786) 618-0369,https://keyscapelandscape.com,,"Area Services: Air Conditioning, Electrical & Plumbing",
,Kitchen & Bath Specialists,,,(305) 852-4302,https://kbspecialists.com,,"Area Services: Air Conditioning, Electrical & Plumbing",
,La Isla Tree Care Company,,,(305) 853-6849,https://laislatree.com,,"Area Services: Air Conditioning, Electrical & Plumbing",
,MHK Architecture,,,(239) 331-7092,https://mhkarchitecture.com,,"Area Services: Air Conditioning, Electrical & Plumbing",
,Michael Flaugh Landscape Architect,,,(772) 201-9733,https://mikeflaughla.com,,"Area Services: Air Conditioning, Electrical & Plumbing",
,Reef Window Treatments,,,(305) 676-8037,https://reefwindowtreatments.com,,"Area Services: Air Conditioning, Electrical & Plumbing",
,Reynolds Engineering Services,,,(305) 394-5987,,,"Area Services: Air Conditioning, Electrical & Plumbing",
,Robert Barnes & Associates,,,(305) 247-6150,https://robertbarnesassociates.com,,"Area Services: Air Conditioning, Electrical & Plumbing",
,Ship Shape Retractable Screens & Awnings,,,(954) 448-5151,https://www.shipshapescreensandawnings.com,,"Area Services: Air Conditioning, Electrical & Plumbing",
,Storm Smart,,,(239) 938-1000,https://stormsmart.com,,"Area Services: Air Conditioning, Electrical & Plumbing",
,Venus Windows & Doors,,,(786) 701-2940,https://venuswad.com,,"Area Services: Air Conditioning, Electrical & Plumbing",
,Wright's Impact Windows & Door,,,(561) 255-1994,https://www.wrightsimpactwindowanddoor.com,,"Area Services: Air Conditioning, Electrical & Plumbing | Area Services: Attorneys",
,"Dennis Ward, Monroe County State Attorney",,,(305) 852-7170,https://keyssao.org,,Area Services: Attorneys,
,Fonte Friz-Garcia Immigration Firm,,,(305) 446-1151,https://www.visadoctors.com,,Area Services: Attorneys,
,Detailing the Keys,,,(786) 273-5248,https://detailingthekeys.com,,Area Services: Automotive,
,Homestead Genesis,,,(844) 339-4263,https://www.homesteadgenesis.com,,Area Services: Automotive,
,IQautos,,,(305) 990-1792,https://iqautos.com,,Area Services: Automotive,
,Tim's Mobile Service,,,(305) 942-3698,https://www.timsmobileservice.com,,Area Services: Automotive,
,Vic's Auto Tech,,,(305) 852-5098,https://facebook.com/vicsautotechfl,,Area Services: Automotive | Area Services: Banking & Financial Planning,
,Centennial Bank,,,(305) 676-3124,https://my100bank.com,,Area Services: Banking & Financial Planning,
,Chapman & Cardwell Capital Management,,,(305) 451-0408,https://chapmanandcardwell.com,,Area Services: Banking & Financial Planning,
,First Horizon Bank,,,(305) 664-4483,https://firsthorizon.com,,Area Services: Banking & Financial Planning,
,First State Bank of the Florida Keys,,,(305) 664-9070,https://keysbank.com,,Area Services: Banking & Financial Planning,
,"Islamorada Investment Management, LLP",,,(305) 522-1333,https://islainvest.com,,Area Services: Banking & Financial Planning,
,Keys Federal Credit Union,,,(305) 293-6024,https://keysfcu.org,,Area Services: Banking & Financial Planning,
,SouthState Bank,,,(305) 852-0516,https://southstatebank.com,,Area Services: Banking & Financial Planning,
,Duval Street Media,,,(305) 394-4014,https://duvalstreetmedia.com,,"Area Services: Business Consultants, Marketing & Social Media",
,Florida Keys Marketing Group,,,(305) 522-0241,https://marketingflkeys.com,,"Area Services: Business Consultants, Marketing & Social Media",
,Florida Small Business Development Center,,,(904) 463-0513,https://sbdc.fiu.edu,,"Area Services: Business Consultants, Marketing & Social Media",
,Little Island Marketing & Design,,,(305) 814-4194,https://littleisland.design,,"Area Services: Business Consultants, Marketing & Social Media",
,Island Custom Embroidery,,,(305) 664-4433,https://islandcustomembroidery.com,,"Area Services: Business Consultants, Marketing & Social Media",
,Keys Custom Tees,,,(305) 451-9557,https://keyscustomtees.com,,"Area Services: Business Consultants, Marketing & Social Media",
,Keys Imaging,,,(305) 853-1712,https://keysimaging.com,,"Area Services: Business Consultants, Marketing & Social Media",
,Keys Smartphone Repair,,,(305) 896-1675,https://keyssmartphonerepair.com,,"Area Services: Business Consultants, Marketing & Social Media",
,Kim Bouchard Graphic Designer,,,(305) 394-3220,,,"Area Services: Business Consultants, Marketing & Social Media",
,KISS Distributing,,,(305) 393-4425,,,"Area Services: Business Consultants, Marketing & Social Media",
,Monifi Technology Group,,,(305) 922-2762,https://monifi.net,,"Area Services: Business Consultants, Marketing & Social Media",
,National Transaction Corporation,,,(888) 996-2273,https://nationaltransaction.com,,"Area Services: Business Consultants, Marketing & Social Media",
,Ocean Dayz,,,(305) 664-0095,,,"Area Services: Business Consultants, Marketing & Social Media",
,Overseas Media Group,,,(305) 906-0272,https://overseasmediagroup.com,,"Area Services: Business Consultants, Marketing & Social Media",
,Resource Environmental Solutions,,,(305) 294-1238,https://res.us,,"Area Services: Business Consultants, Marketing & Social Media",
,SE Multimedia,,,(305) 664-4822,https://www.semultimedia.com,,"Area Services: Business Consultants, Marketing & Social Media",
,Two Oceans Digital,,,(305) 292-1880,https://twooceansdigital.com,,"Area Services: Business Consultants, Marketing & Social Media",
,CareerSource South Florida,,,(305) 853-3540,https://careersourcesfl.com,,Area Services: Business Support & Service,
,Innovative Technology Solutions,,,(305) 600-1411,https://itssimplified.com,,Area Services: Business Support & Service,
,Postnet,,,(305) 853-1101,https://postnet.com,,Area Services: Business Support & Service,
,Sands of the Keys,,,(305) 852-4378,https://sandsofthekeys.com,,Area Services: Business Support & Service,
,WWGGD Direct Merchant Banking,,,(305) 735-3881,,,Area Services: Business Support & Service,
,Castle Services,,,(305) 242-0536,https://castleservicesinc.com,,"Area Services: Cleaning, Moving, Storage & Pest Control",
,CAT 5 Self Storage,,,(305) 376-7097,https://cat5selfstorage.com,,"Area Services: Cleaning, Moving, Storage & Pest Control",
,Charter Pest Control,,,(305) 451-3389,https://charterpestcontrol.com,,"Area Services: Cleaning, Moving, Storage & Pest Control",
,Maid in Paradise,,,(305) 504-3939,https://facebook.com/maidinparadiseflkeys,,"Area Services: Cleaning, Moving, Storage & Pest Control",
,Terminix,,,(305) 619-2754,https://terminix.com,,"Area Services: Cleaning, Moving, Storage & Pest Control",
,Edge Communications,,,(800) 885-3343,https://edgecommunications.com,,"Area Services: Computer Service, Tech Support, Internet & Telecom",
,SCS of South Florida,,,(305) 848-8881,https://scs.systems,,"Area Services: Computer Service, Tech Support, Internet & Telecom",
,St. Aubin Technologies,,,(305) 247-2227,https://st-aubin.com,,"Area Services: Computer Service, Tech Support, Internet & Telecom",
,TerraNovaNet High Speed Internet & Phone Services,,,(305) 453-4011,https://terranova.net,,"Area Services: Computer Service, Tech Support, Internet & Telecom",
,A Handyman in Paradise,,,(305) 900-0857,,,"Area Services: Contractors, Construction, Elevators, Remodeling & Repairs",
,A Plus Prestige Appliance Service,,,(786) 615-4949,https://appaservice.com,,"Area Services: Contractors, Construction, Elevators, Remodeling & Repairs",
,All Keys Concrete,,,(305) 453-0368,https://allkeysconcrete.com,,"Area Services: Contractors, Construction, Elevators, Remodeling & Repairs",
,Apex One Home Inspections,,,(305) 390-0440,https://apexonefl.com,,"Area Services: Contractors, Construction, Elevators, Remodeling & Repairs",
,CBT Construction & Development,,,(305) 852-3002,https://cbtconstruct.com,,"Area Services: Contractors, Construction, Elevators, Remodeling & Repairs",
,Chris-Tel Construction,,,(305) 735-4623,https://christelconstruction.com,,"Area Services: Contractors, Construction, Elevators, Remodeling & Repairs",
,Cornerstone Construction of the Keys,,,(305) 852-4185,https://cornerstoneconstructionofthekeys.com,,"Area Services: Contractors, Construction, Elevators, Remodeling & Repairs",
,Cottrell Welding and Metal Fabrication,,,(305) 451-1551,,,"Area Services: Contractors, Construction, Elevators, Remodeling & Repairs",
,Florida Keys Contractors Association,,,(305) 743-9409,https://fkca.org,,"Area Services: Contractors, Construction, Elevators, Remodeling & Repairs",
,Go 2 Guy,,,(305) 964-7244,https://thego2guy.co,,"Area Services: Contractors, Construction, Elevators, Remodeling & Repairs",
,Islamorada Elevator Company,,,(305) 852-1618,https://islamoradaelevator.com,,"Area Services: Contractors, Construction, Elevators, Remodeling & Repairs",
,Island Construction Management,,,(305) 852-9607,,,"Area Services: Contractors, Construction, Elevators, Remodeling & Repairs",
,Island Villa Construction,,,(305) 664-8900,https://islandvillageneralcontractor.com,,"Area Services: Contractors, Construction, Elevators, Remodeling & Repairs",
,Lindholm Roofing and Sheet Metal,,,(305) 852-5730,https://ricklindholm.com,,"Area Services: Contractors, Construction, Elevators, Remodeling & Repairs",
,M.C.F. Construction,,,(305) 522-5643,,,"Area Services: Contractors, Construction, Elevators, Remodeling & Repairs",
,Native Construction Contracting,,,(305) 852-3116,https://nativeconstruction.com,,"Area Services: Contractors, Construction, Elevators, Remodeling & Repairs",
,Paradise Appliance,,,(305) 900-0463,,,"Area Services: Contractors, Construction, Elevators, Remodeling & Repairs",
,Precision Pavers,,,(305) 393-4187,https://floridakeyspavers.com,,"Area Services: Contractors, Construction, Elevators, Remodeling & Repairs",
,R. Hendrick Construction,,,(305) 289-1001,https://www.rhendrickconstruction.com,,"Area Services: Contractors, Construction, Elevators, Remodeling & Repairs",
,TEC Home Inspector,,,(786) 698-4663,https://TECHhomeinspectors.com,,"Area Services: Contractors, Construction, Elevators, Remodeling & Repairs | Area Services: Delivery, Distributors, Shipping & Wholesalers",
,Florida Keys Farm,,,(401) 447-6787,https://floridakeysfarm.com,,"Area Services: Delivery, Distributors, Shipping & Wholesalers",
,Florida Keys Hot Sauce Company,,,(305) 587-1633,https://floridakeyshotsauce.com,,"Area Services: Delivery, Distributors, Shipping & Wholesalers",
,Keys Salt Scrub,,,(305) 852-9499,https://thekeyssaltscrub.com,,"Area Services: Delivery, Distributors, Shipping & Wholesalers",
,Manatee Mailboxes of the Florida Keys,,,(305) 587-7287,https://manateemailboxes.com,,"Area Services: Delivery, Distributors, Shipping & Wholesalers",
,Suburban Propane,,,(305) 451-0761,https://suburbanpropane.com,,"Area Services: Delivery, Distributors, Shipping & Wholesalers",
,Bastille LLC,,,(305) 664-3343,https://bastillelive.com,,Area Services: Entertainment & Performing Arts,
,16th Judicial Circuit Guardian ad Litem Program,,,(305) 292-3485,https://guardianadlitem.org,,"Area Services: Government, Education, Schools & Seminars",
,College of the Florida Keys,,,(305) 853-8007,https://cfk.edu,,"Area Services: Government, Education, Schools & Seminars",
,Coral Shores High School,,,(305) 853-3222,https://keysschools.com,,"Area Services: Government, Education, Schools & Seminars",
,Early Learning Coalition of Miami-Dade Monroe,,,(305) 296-5557,https://elcmdm.org,,"Area Services: Government, Education, Schools & Seminars",
,Florida International University Medina Aquarius Program,,,(305) 664-2916,https://aquarius.fiu.edu,,"Area Services: Government, Education, Schools & Seminars",
,Florida Keys Mosquito Control,,,(305) 292-7190,https://keysmosquito.org,,"Area Services: Government, Education, Schools & Seminars",
,Islamorada Child Care & Learning Center,,,(305) 453-6784,https://islamoradachildcare.com,,"Area Services: Government, Education, Schools & Seminars",
,Islamorada Village of Islands,,,(305) 664-6427,https://islamorada.fl.us,,"Area Services: Government, Education, Schools & Seminars",
,Key Largo School,,,(305) 453-1255,https://keysschools.com,,"Area Services: Government, Education, Schools & Seminars",
,Minimize Testing Maximize Learning,,,(305) 240-1565,https://minimizetesting.com,,"Area Services: Government, Education, Schools & Seminars",
,Monroe County Sheriff's Office,,,(305) 664-6480,https://keysso.net,,"Area Services: Government, Education, Schools & Seminars",
,MOTE Marine Laboratory & Aquarium,,,(305) 745-2729,https://mote.org,,"Area Services: Government, Education, Schools & Seminars",
,Ocean Studies Charter School,,,(305) 852-7700,https://oceanstudiescharterschool.org,,"Area Services: Government, Education, Schools & Seminars",
,Plantation Key School,,,(305) 853-3281,https://keysschools.com,,"Area Services: Government, Education, Schools & Seminars",
,Southernmost Leadership Network,,,(305) 393-0236,,,"Area Services: Government, Education, Schools & Seminars",
,St. James Children's Center,,,(305) 852-8468,https://stjamesthefisherman.org,,"Area Services: Government, Education, Schools & Seminars",
,Treasure Village Montessori Charter School,,,(305) 852-3482,https://treasurevillagemontessori.com,,"Area Services: Government, Education, Schools & Seminars",
,Allen-Beyer Funeral Home,,,(305) 451-1444,https://allenbeyer.com,,Area Services: Funeral Services,
,SCS of South Florida Home,,,(305) 848-8881,https://scs.systems,,Area Services: Home Automation & Security,
,Adjusting Experts,,,(305) 392-1065,https://adjustingexperts.com,,Area Services: Insurance,
,Dockmaster's Yacht & Marine Insurance,,,(443) 282-3130,https://dockmastersinsurance.com,,Area Services: Insurance,
,Healthmarkets Insurance Agency,,,(305) 676-4446,https://healthmarkets.com,,Area Services: Insurance,
ILI,Houston Insurance Agency,,,(305) 453-6241,https://houstoninsuranceagency.net,https://www.facebook.com/yourkeystoprotection/,Area Services: Insurance,
,Regan ROTH Insurance Agency,,,(305) 852-3234,https://reganroth.com,,Area Services: Insurance,
,Simply IOA,,,(305) 743-0494,https://implyioa.com,,Area Services: Insurance,
,USI Insurance Services,,,(786) 785-1118,https://usi.com,,Area Services: Insurance,
,All Keys Boat Lifts,,,(305) 453-0076,https://allkeysboatlift.com,,"Area Services: Marine Services, Docks & Retail Boat Sales",
ILI,Caribee Boat Sales & Marina,,,(305) 664-3431,https://caribeeboats.com,https://www.facebook.com/caribeeboats/,"Area Services: Marine Services, Docks & Retail Boat Sales",
,Island Marine Contractors,,,(305) 853-5655,https://islandmarinecontractors.com,,"Area Services: Marine Services, Docks & Retail Boat Sales",
,Keys Deck & Dock Supply,,,(305) 451-8001,https://keysdecksanddocks.com,,"Area Services: Marine Services, Docks & Retail Boat Sales",
,Marine Connection,,,(305) 359-3353,https://marineconnection.com,,"Area Services: Marine Services, Docks & Retail Boat Sales",
,Miller Marine,,,(305) 282-2142,https://millermarinefl.com,,"Area Services: Marine Services, Docks & Retail Boat Sales",
,Neptune Atlantic Boatlifts,,,(305) 853-9400,https://neptuneatlanticboatlifts.com,,"Area Services: Marine Services, Docks & Retail Boat Sales",
,Riva Motorsports & Marine of the Keys,,,(305) 451-3320,https://rivamm.com,,"Area Services: Marine Services, Docks & Retail Boat Sales",
,S & S Performance Marine,,,(305) 951-9846,https://ssperformancemarine.com,,"Area Services: Marine Services, Docks & Retail Boat Sales",
,SD Marine Group,,,(305) 440-2685,https://sdmarine.com,,"Area Services: Marine Services, Docks & Retail Boat Sales",
,Sea Tow Islamorada,,,(305) 664-4493,https://seatow.com,,"Area Services: Marine Services, Docks & Retail Boat Sales",
,Seven Sports Marine,,,(305) 664-2463,https://islamoradawatersports.com,,"Area Services: Marine Services, Docks & Retail Boat Sales",
,Southeast Marine Construction,,,(305) 853-5300,https://southeastmarineconstruction.com,,"Area Services: Marine Services, Docks & Retail Boat Sales",
,Tactical Marine,,,(305) 731-0233,https://tactical-marine.com,,"Area Services: Marine Services, Docks & Retail Boat Sales",
,Tiki Water Sports,,,(305) 852-9298,https://tikiwatersports.com,,"Area Services: Marine Services, Docks & Retail Boat Sales",
,Tow Boat US Islamorada,,,(305) 852-6451,https://boatus.com,,"Area Services: Marine Services, Docks & Retail Boat Sales",
,Unique Marine,,,(305) 853-5370,https://uniquemarine.com,,"Area Services: Marine Services, Docks & Retail Boat Sales",
,Upper Keys Marine Construction,,,(305) 853-2644,https://ukmc.com,,"Area Services: Marine Services, Docks & Retail Boat Sales",
,Yacht Works,,,(305) 615-1430,https://yachtworks.net,,"Area Services: Marine Services, Docks & Retail Boat Sales",
,APG Adams Publishing Group,,,(305) 853-7277,https://keysnews.com,,Area Services: Media & Publishing,
,Destination Florida Keys & Key West,,,(305) 304-2100,https://destinationfloridakeys.com,,Area Services: Media & Publishing,
,Great Locations,,,(954) 943-1188,https://greatlocations.com,,Area Services: Media & Publishing,
,Homes & Land of the Florida Keys,,,(305) 289-1644,https://floridakeys.homesandland.com,,Area Services: Media & Publishing,
,Keys Property Visuals,,,(305) 587-7077,https://keyspropertyvisuals.com,,Area Services: Media & Publishing,
,Keys Weekly Newspaper,,,(305) 363-2957,https://keysweekly.com,,Area Services: Media & Publishing,
,NewmanPR,,,(305) 461-3300,https://newmanpr.com,,Area Services: Media & Publishing,
,Outfront Media,,,(305) 852-5784,https://outfrontmedia.com,,Area Services: Media & Publishing,
,Time Out Magazine,,,(305) 289-3936,https://timeoutmagazine.com,,Area Services: Media & Publishing,
,Coral Reef Title Company,,,(305) 664-9200,https://coralreeftitle.com,,"Area Services: Mortgage, Titles & Appraisals",
,Horizon Mortgage Services,,,(305) 664-4664,https://horizonbank.com,,"Area Services: Mortgage, Titles & Appraisals",
,Miss Mortgage Loans,,,(305) 916-8485,,,"Area Services: Mortgage, Titles & Appraisals",
,Title Station,,,(321) 266-7607,https://thetitlestation.com,,"Area Services: Mortgage, Titles & Appraisals",
,American Legion Islamorada Post 145,,,(305) 394-3435,https://floridalegion.org,,Area Services: Non Profit Agencies,
,Big Brothers Big Sisters of Miami,,,(305) 644-0066,https://bbbsmiami.org,,Area Services: Non Profit Agencies,
,Blue Water Surrender,,,(305) 587-7144,https://bluewatersurrender.org,,Area Services: Non Profit Agencies,
,Boy Scouts of America Florida Sea Base,,,(305) 664-4173,https://bsaseabase.org,,Area Services: Non Profit Agencies,
,Business & Professional Women's Club of the Upper Keys,,,(305) 767-3928,https://upperkeysbpw.org,,Area Services: Non Profit Agencies,
,Center for Independent Living of the Keys,,,(305) 453-3491,https://cilofthekeys.org,,Area Services: Non Profit Agencies,
,Chapters Health Hospice,,,(305) 396-8100,https://chaptershealth.org,,Area Services: Non Profit Agencies,
,Coastal Conservation Association of the Florida Keys,,,(407) 854-7002,https://ccaflorida.org,,Area Services: Non Profit Agencies,
,Community Foundation of the Florida Keys,,,(305) 292-1502,https://cffk.org,,Area Services: Non Profit Agencies,
,Coral Restoration Foundation,,,(305) 453-7030,https://coralrestoration.org,,Area Services: Non Profit Agencies,
,Crustacean Plantation,,,(740) 357-2269,https://custaceanplantation.org,,Area Services: Non Profit Agencies,
,Domestic Abuse Shelter,,,(305) 743-5452,https://domesticabuseshelter.org,,Area Services: Non Profit Agencies,
,Everglades Foundation,,,(305) 251-0001,https://evergladesfoundation.org,,Area Services: Non Profit Agencies,
,Florida Bay Forever,,,(305) 509-7545,https://floridabayforever.org,,Area Services: Non Profit Agencies,
,Florida Keys Board of Realtors,,,(305) 852-9294,https://flkeysboardofrealtors.com,,Area Services: Non Profit Agencies,
,Florida Keys Chapter DAR,,,(305) 731-1448,https://fssdar.com,,Area Services: Non Profit Agencies,
,Florida Keys Children's Shelter,,,(305) 852-4246,https://fkcs.org,,Area Services: Non Profit Agencies,
,Florida Keys National Marine Sanctuary Foundation,,,(305) 809-7400,https://floridakeysfoundation.org,,Area Services: Non Profit Agencies,
,Florida Keys Outreach Coalition,,,(305) 295-7741,https://fkoc.org,,Area Services: Non Profit Agencies,
,Forgotten Soldiers Outreach,,,(561) 369-2933,https://forgottensoldiers.org,,Area Services: Non Profit Agencies,
,Friends of Islamorada State Parks,,,(305) 664-0655,https://friendsofislamoradaareastateparks.org,,Area Services: Non Profit Agencies,
,Friends of the Pool,,,(305) 664-7149,https://swimalligatorlight.com,,Area Services: Non Profit Agencies,
,Good Health Clinic,,,(305) 853-1788,https://thegoodhealthclinic.org,,Area Services: Non Profit Agencies,
,Habitat for Humanity of the Upper Keys,,,(305) 453-0050,https://habitatupperkeys.org,,Area Services: Non Profit Agencies,
,Islamorada Chamber of Commerce,,,(305) 664-4503,https://islamoradachamber.com,,Area Services: Non Profit Agencies,
,Islamorada Fishing Club,,,(305) 664-4735,https://theislamoradafishingclub.com,,Area Services: Non Profit Agencies,
,Islamorada Moose Lodge & Family Center,,,(305) 664-8120,https://facebook.com/IslamoradaMoose,,Area Services: Non Profit Agencies,
,Just Older Youth Inc,,,(305) 834-8528,https://justolderyouthinc.org,,Area Services: Non Profit Agencies | Area Services,
,Maria's Hope & Prosperity,,,(305) 509-1106,https://mariahopeandprosperity.org,,Area Services,
,MarrVelous Pet Rescues & Adoptions,,,(305) 453-1315,https://mpresecues.org,,Area Services,
,Ocean Dreams Cancer Healing Center,,,(717) 309-8067,https://oceandreamshealing.org,,Area Services,
,Ocean Reef Community Foundation,,,(305) 367-4707,https://orfound.org,,Area Services,
,Plantation Key School PTA,,,(305) 853-3281,https://pkspta.com,,Area Services,
,Reef Renewal USA,,,(813) 245-3273,https://reefrenewalusa.org,,Area Services,
,Rotary Club of Key Largo,,,(305) 393-6937,https://keylargorotary.org,,Area Services,
,Ryan Shines Burn Foundation,,,(956) 821-9633,https://ryanshines.com,,Area Services,
,Sereia Films,,,(225) 939-8029,https://sereiafilms.org,,Area Services,
,Sigma Omega of the Florida Keys,,,(305) 522-6783,,,Area Services,
,Take Stock in Children Monroe,,,(305) 293-1546,https://takestockinchildren.org,,Area Services,
,United Way of Collier & the Florida Keys,,,(305) 735-1929,https://keysunitedway.org,,Area Services,
,Upper Keys Rotary,,,(305) 852-2431,https://keysrotary.org,,Area Services,
,Voices for Florida Keys Children,,,(305) 301-3624,https://voiceskids.org,,Area Services,
,Wesley House Family Services,,,(305) 809-5000,https://wesleyhouse.org,,Area Services,
,Advanced Care Medical Supplies,,,(305) 440-2277,,,"Area Services: Physicians, Medical & Long Term Care",
,Advanced Urgent Care of the Florida Keys,,,(305) 294-0011,https://urgentcarefloridakeys.com,,"Area Services: Physicians, Medical & Long Term Care",
,Baptist Health Mariners Hospital,,,(305) 434-3000,https://baptisthealth.net,,"Area Services: Physicians, Medical & Long Term Care",
,Community Health of South Florida,,,(305) 743-0383,https://chisouthfl.org,,"Area Services: Physicians, Medical & Long Term Care",
,Florida Keys Pediatric & Adolescent Center,,,(305) 853-0558,,,"Area Services: Physicians, Medical & Long Term Care",
,Garrett Chiropractic & Wellness Center,,,(305) 853-1003,https://floridakeyschiropractor.com,,"Area Services: Physicians, Medical & Long Term Care",
,Islamorada Medical Center / ASAP Urgent Care,,,(305) 852-9300,https://asapmedecine.com,,"Area Services: Physicians, Medical & Long Term Care",
,Janis J. Jeffers Dentistry,,,(305) 664-4282,,,"Area Services: Physicians, Medical & Long Term Care",
,Keys Dermatology,,,(305) 664-8828,https://keysdermatology.com,,"Area Services: Physicians, Medical & Long Term Care",
,Miracle-Ear of the Florida Keys,,,(305) 453-6332,https://miracle-ear.com,,"Area Services: Physicians, Medical & Long Term Care",
,Oasis at the Keys Nursing & Rehabilitation,,,(305) 853-0799,https://crystalhrc.com,,"Area Services: Physicians, Medical & Long Term Care",
,Overseas Dental,,,(305) 453-9105,https://overseas-dental.com,,"Area Services: Physicians, Medical & Long Term Care",
,Tranquility Bay Adult Day Care,,,(786) 261-4963,https://www.lasmiasmcadcp.com,,"Area Services: Physicians, Medical & Long Term Care",
,First Baptist Church of Islamorada,,,(305) 664-4910,https://fbcislamorada.org,,Area Services: Places Of Worship,
,Pearl Christian Church,,,(305) 339-6095,https://pearlchristianchurch.org,,Area Services: Places Of Worship,
,Islamorada Pools,,,(305) 852-3133,https://islamoradapools.com,,Area Services: Pool Construction & Maintenance,
,Alina Davis Realtor,,,(305) 393-0541,https://yourflkeysagent.com,,"Area Services: Real Estate, Property Management & Development",
,American Caribbean Real Estate,,,(305) 664-4966,https://americancaribbean.com,,"Area Services: Real Estate, Property Management & Development",
,Berkshire Hathaway HomeServices Keys Real Estate,,,(305) 664-4444,https://keysrealestate.com,,"Area Services: Real Estate, Property Management & Development",
,Better Homes and Gardens Real Estate Destinations,,,(305) 451-1020,https://flkeys-realestate.com,,"Area Services: Real Estate, Property Management & Development",
,Brett Newman PA / The Newman Team,,,(305) 393-1770,https://floridakeysluxuryhomes.com,,"Area Services: Real Estate, Property Management & Development",
ILI,Coastal Realty of the Florida Keys,,,(305) 664-0077,https://coastalrealtyofthefloridakeys.com,https://www.facebook.com/PoppaWahoo,"Area Services: Real Estate, Property Management & Development",
,Coral Island Properties,,,(574) 360-0796,,,"Area Services: Real Estate, Property Management & Development",
,Ewald Wampler Team Ocean Sotheby's International Realty,,,(305) 393-2766,https://fishingforhomes.com,,"Area Services: Real Estate, Property Management & Development",
,Greg Dully Commercial Realtor RE/MAX,,,(305) 900-4232,https://floridakeyscommercial.com,,"Area Services: Real Estate, Property Management & Development",
,Heritage Park Hospitality Group,,,(219) 384-5493,https://hphospitality.com,,"Area Services: Real Estate, Property Management & Development",
,Island Life Property Management,,,(786) 682-6584,,,"Area Services: Real Estate, Property Management & Development",
,Joel Young Realtor American Caribbean Real Estate,,,(305) 432-6610,https://cjoelyoung.com,,"Area Services: Real Estate, Property Management & Development",
,Judy Rossignol Realty One Group Engage the Keys,,,(305) 393-0523,https://ROGEngagetheKeys.com,,"Area Services: Real Estate, Property Management & Development",
,Karen Prince Coldwell Banker Schmitt,,,(305) 731-9667,https://homesforsaleislamorada.com,,"Area Services: Real Estate, Property Management & Development",
ILI,Madeline Rousseau Real Estate,,,(352) 274-2407,https://madelinerousseau.com,https://www.facebook.com/MadelineRousseauRealEstateIslamorada/,"Area Services: Real Estate, Property Management & Development",
,Nancy Hershoff Coldwell Banker Schmitt,,,(305) 393-4061,,,"Area Services: Real Estate, Property Management & Development",
,Ocean Sotheby's International Realty,,,(305) 712-8888,https://oceansir.com,,"Area Services: Real Estate, Property Management & Development",
,Patti Stanley Coldwell Banker Schmitt,,,(305) 393-4433,https://pattistanley.com,,"Area Services: Real Estate, Property Management & Development",
,Realty One Group Destination,,,(305) 522-0280,https://krissyinthekeys.com,,"Area Services: Real Estate, Property Management & Development",
,Sea Haven Realty,,,(305) 998-4387,https://seahavenrealty.com,,"Area Services: Real Estate, Property Management & Development",
,Sharon J. Kelly Realty,,,(772) 971-6747,,,"Area Services: Real Estate, Property Management & Development",
,Taylor Globus Ocean Sotheby's International Realty,,,(305) 401-7675,https://movemetothefloridakeys.com,,"Area Services: Real Estate, Property Management & Development",
,Freebee,,,(305) 330-9450,https://ridefreebee.com,,Area Services: Transportation,
ILI,Islamorada Luxury Golf Carts,,,(305) 394-5350,https://www.islamoradaluxurycarts.com,https://www.facebook.com/p/Islamorada-Luxury-Carts-100088250103863/,Area Services: Transportation,
,Florida Keys Aqueduct Authority,,,(305) 296-2454,https://fkaa.com,,Area Services: Utilities,
,Florida Keys Electric Cooperative,,,(305) 852-2431,https://fkec.com,,Area Services: Utilities,
,Island Disposal,,,(305) 393-3300,https://islanddisposalcompany.com,,Area Services: Utilities,
,Island Paws Veterinary Hospital,,,(305) 664-0142,https://islandpawsvet.com,,Area Services: Veterinary & Pet Services,
,Keys Pet Nanny,,,(305) 304-9403,https://keyspetnanny.com,,Area Services: Veterinary & Pet Services,
,Soggy Paws Pet Resort and Spa,,,(305) 852-4644,https://grannies-spa.edan.io,,Area Services: Veterinary & Pet Services,
,Upper Keys Veterinary Hospital,,,(305) 852-3665,https://upperkeysvet.com,,Area Services: Veterinary & Pet Services,
